INSERT INTO employees (emp_no, birth_date, first_name, last_name, gender, hire_date) VALUES (10001, '1953-09-02', 'Georgi', 'Facello', 'M', '1986-06-26');
INSERT INTO employees (emp_no, birth_date, first_name, last_name, gender, hire_date) VALUES (10002, '1964-06-02', 'Bezalel', 'Simmel', 'F', '1985-11-21');
INSERT INTO employees (emp_no, birth_date, first_name, last_name, gender, hire_date) VALUES (10003, '1959-12-03', 'Parto', 'Bamford', 'M', '1986-08-28');
INSERT INTO employees (emp_no, birth_date, first_name, last_name, gender, hire_date) VALUES (10004, '1954-05-01', 'Chirstian', 'Koblick', 'M', '1986-12-01');
INSERT INTO employees (emp_no, birth_date, first_name, last_name, gender, hire_date) VALUES (10005, '1955-01-21', 'Kyoichi', 'Maliniak', 'M', '1989-09-12');
INSERT INTO employees (emp_no, birth_date, first_name, last_name, gender, hire_date) VALUES (10006, '1953-04-20', 'Anneke', 'Preusig', 'F', '1989-06-02');
INSERT INTO employees (emp_no, birth_date, first_name, last_name, gender, hire_date) VALUES (10007, '1957-05-23', 'Tzvetan', 'Zielinski', 'F', '1989-02-10');
INSERT INTO employees (emp_no, birth_date, first_name, last_name, gender, hire_date) VALUES (10008, '1958-02-19', 'Saniya', 'Kalloufi', 'M', '1994-09-15');
INSERT INTO employees (emp_no, birth_date, first_name, last_name, gender, hire_date) VALUES (10009, '1952-04-19', 'Sumant', 'Peac', 'F', '1985-02-18');
INSERT INTO employees (emp_no, birth_date, first_name, last_name, gender, hire_date) VALUES (10010, '1963-06-01', 'Duangkaew', 'Piveteau', 'F', '1989-08-24');
INSERT INTO employees (emp_no, birth_date, first_name, last_name, gender, hire_date) VALUES (10011, '1953-11-07', 'Mary', 'Sluis', 'F', '1990-01-22');
INSERT INTO employees (emp_no, birth_date, first_name, last_name, gender, hire_date) VALUES (10012, '1960-10-04', 'Patricio', 'Bridgland', 'M', '1992-12-18');
INSERT INTO employees (emp_no, birth_date, first_name, last_name, gender, hire_date) VALUES (10013, '1963-06-07', 'Eberhardt', 'Terkki', 'M', '1985-10-20');
INSERT INTO employees (emp_no, birth_date, first_name, last_name, gender, hire_date) VALUES (10014, '1956-02-12', 'Berni', 'Genin', 'M', '1987-03-11');
INSERT INTO employees (emp_no, birth_date, first_name, last_name, gender, hire_date) VALUES (10015, '1959-08-19', 'Guoxiang', 'Nooteboom', 'M', '1987-07-02');
INSERT INTO employees (emp_no, birth_date, first_name, last_name, gender, hire_date) VALUES (10016, '1961-05-02', 'Kazuhito', 'Cappelletti', 'M', '1995-01-27');
INSERT INTO employees (emp_no, birth_date, first_name, last_name, gender, hire_date) VALUES (10017, '1958-07-06', 'Cristinel', 'Bouloucos', 'F', '1993-08-03');
INSERT INTO employees (emp_no, birth_date, first_name, last_name, gender, hire_date) VALUES (10018, '1954-06-19', 'Kazuhide', 'Peha', 'F', '1987-04-03');
INSERT INTO employees (emp_no, birth_date, first_name, last_name, gender, hire_date) VALUES (10019, '1953-01-23', 'Lillian', 'Haddadi', 'M', '1999-04-30');
INSERT INTO employees (emp_no, birth_date, first_name, last_name, gender, hire_date) VALUES (10020, '1952-12-24', 'Mayuko', 'Warwick', 'M', '1991-01-26');
INSERT INTO employees (emp_no, birth_date, first_name, last_name, gender, hire_date) VALUES (10021, '1960-02-20', 'Ramzi', 'Erde', 'M', '1988-02-10');
INSERT INTO employees (emp_no, birth_date, first_name, last_name, gender, hire_date) VALUES (10022, '1952-07-08', 'Shahaf', 'Famili', 'M', '1995-08-22');
INSERT INTO employees (emp_no, birth_date, first_name, last_name, gender, hire_date) VALUES (10023, '1953-09-29', 'Bojan', 'Montemayor', 'F', '1989-12-17');
INSERT INTO employees (emp_no, birth_date, first_name, last_name, gender, hire_date) VALUES (10024, '1958-09-05', 'Suzette', 'Pettey', 'F', '1997-05-19');
INSERT INTO employees (emp_no, birth_date, first_name, last_name, gender, hire_date) VALUES (10025, '1958-10-31', 'Prasadram', 'Heyers', 'M', '1987-08-17');
INSERT INTO employees (emp_no, birth_date, first_name, last_name, gender, hire_date) VALUES (10026, '1953-04-03', 'Yongqiao', 'Berztiss', 'M', '1995-03-20');
INSERT INTO employees (emp_no, birth_date, first_name, last_name, gender, hire_date) VALUES (10027, '1962-07-10', 'Divier', 'Reistad', 'F', '1989-07-07');
INSERT INTO employees (emp_no, birth_date, first_name, last_name, gender, hire_date) VALUES (10028, '1963-11-26', 'Domenick', 'Tempesti', 'M', '1991-10-22');
INSERT INTO employees (emp_no, birth_date, first_name, last_name, gender, hire_date) VALUES (10029, '1956-12-13', 'Otmar', 'Herbst', 'M', '1985-11-20');
INSERT INTO employees (emp_no, birth_date, first_name, last_name, gender, hire_date) VALUES (10030, '1958-07-14', 'Elvis', 'Demeyer', 'M', '1994-02-17');
INSERT INTO employees (emp_no, birth_date, first_name, last_name, gender, hire_date) VALUES (10031, '1959-01-27', 'Karsten', 'Joslin', 'M', '1991-09-01');
INSERT INTO employees (emp_no, birth_date, first_name, last_name, gender, hire_date) VALUES (10032, '1960-08-09', 'Jeong', 'Reistad', 'F', '1990-06-20');
INSERT INTO employees (emp_no, birth_date, first_name, last_name, gender, hire_date) VALUES (10033, '1956-11-14', 'Arif', 'Merlo', 'M', '1987-03-18');
INSERT INTO employees (emp_no, birth_date, first_name, last_name, gender, hire_date) VALUES (10034, '1962-12-29', 'Bader', 'Swan', 'M', '1988-09-21');
INSERT INTO employees (emp_no, birth_date, first_name, last_name, gender, hire_date) VALUES (10035, '1953-02-08', 'Alain', 'Chappelet', 'M', '1988-09-05');
INSERT INTO employees (emp_no, birth_date, first_name, last_name, gender, hire_date) VALUES (10036, '1959-08-10', 'Adamantios', 'Portugali', 'M', '1992-01-03');
INSERT INTO employees (emp_no, birth_date, first_name, last_name, gender, hire_date) VALUES (10037, '1963-07-22', 'Pradeep', 'Makrucki', 'M', '1990-12-05');
INSERT INTO employees (emp_no, birth_date, first_name, last_name, gender, hire_date) VALUES (10038, '1960-07-20', 'Huan', 'Lortz', 'M', '1989-09-20');
INSERT INTO employees (emp_no, birth_date, first_name, last_name, gender, hire_date) VALUES (10039, '1959-10-01', 'Alejandro', 'Brender', 'M', '1988-01-19');
INSERT INTO employees (emp_no, birth_date, first_name, last_name, gender, hire_date) VALUES (10040, '1959-09-13', 'Weiyi', 'Meriste', 'F', '1993-02-14');
INSERT INTO employees (emp_no, birth_date, first_name, last_name, gender, hire_date) VALUES (10041, '1959-08-27', 'Uri', 'Lenart', 'F', '1989-11-12');
INSERT INTO employees (emp_no, birth_date, first_name, last_name, gender, hire_date) VALUES (10042, '1956-02-26', 'Magy', 'Stamatiou', 'F', '1993-03-21');
INSERT INTO employees (emp_no, birth_date, first_name, last_name, gender, hire_date) VALUES (10043, '1960-09-19', 'Yishay', 'Tzvieli', 'M', '1990-10-20');
INSERT INTO employees (emp_no, birth_date, first_name, last_name, gender, hire_date) VALUES (10044, '1961-09-21', 'Mingsen', 'Casley', 'F', '1994-05-21');
INSERT INTO employees (emp_no, birth_date, first_name, last_name, gender, hire_date) VALUES (10045, '1957-08-14', 'Moss', 'Shanbhogue', 'M', '1989-09-02');
INSERT INTO employees (emp_no, birth_date, first_name, last_name, gender, hire_date) VALUES (10046, '1960-07-23', 'Lucien', 'Rosenbaum', 'M', '1992-06-20');
INSERT INTO employees (emp_no, birth_date, first_name, last_name, gender, hire_date) VALUES (10047, '1952-06-29', 'Zvonko', 'Nyanchama', 'M', '1989-03-31');
INSERT INTO employees (emp_no, birth_date, first_name, last_name, gender, hire_date) VALUES (10048, '1963-07-11', 'Florian', 'Syrotiuk', 'M', '1985-02-24');
INSERT INTO employees (emp_no, birth_date, first_name, last_name, gender, hire_date) VALUES (10049, '1961-04-24', 'Basil', 'Tramer', 'F', '1992-05-04');
INSERT INTO employees (emp_no, birth_date, first_name, last_name, gender, hire_date) VALUES (10050, '1958-05-21', 'Yinghua', 'Dredge', 'M', '1990-12-25');
INSERT INTO employees (emp_no, birth_date, first_name, last_name, gender, hire_date) VALUES (110022, '1956-09-12', 'Margareta', 'Markovitch', 'M', '1985-01-01');
INSERT INTO employees (emp_no, birth_date, first_name, last_name, gender, hire_date) VALUES (110039, '1963-06-21', 'Vishwani', 'Minakawa', 'M', '1986-04-12');
INSERT INTO employees (emp_no, birth_date, first_name, last_name, gender, hire_date) VALUES (110085, '1959-10-28', 'Ebru', 'Alpin', 'M', '1985-01-01');
INSERT INTO employees (emp_no, birth_date, first_name, last_name, gender, hire_date) VALUES (110114, '1957-03-28', 'Isamu', 'Legleitner', 'F', '1985-01-14');
INSERT INTO employees (emp_no, birth_date, first_name, last_name, gender, hire_date) VALUES (110183, '1953-06-24', 'Shirish', 'Ossenbruggen', 'F', '1985-01-01');
INSERT INTO employees (emp_no, birth_date, first_name, last_name, gender, hire_date) VALUES (110228, '1958-12-02', 'Karsten', 'Sigstam', 'F', '1985-08-04');
INSERT INTO employees (emp_no, birth_date, first_name, last_name, gender, hire_date) VALUES (110303, '1956-06-08', 'Krassimir', 'Wegerle', 'F', '1985-01-01');
INSERT INTO employees (emp_no, birth_date, first_name, last_name, gender, hire_date) VALUES (110344, '1961-09-07', 'Rosine', 'Cools', 'F', '1985-11-22');
INSERT INTO employees (emp_no, birth_date, first_name, last_name, gender, hire_date) VALUES (110386, '1953-10-04', 'Shem', 'Kieras', 'M', '1988-10-14');
INSERT INTO employees (emp_no, birth_date, first_name, last_name, gender, hire_date) VALUES (110420, '1963-07-27', 'Oscar', 'Ghazalie', 'M', '1992-02-05');
INSERT INTO employees (emp_no, birth_date, first_name, last_name, gender, hire_date) VALUES (110511, '1957-07-08', 'DeForest', 'Hagimont', 'M', '1985-01-01');
INSERT INTO employees (emp_no, birth_date, first_name, last_name, gender, hire_date) VALUES (110567, '1964-04-25', 'Leon', 'DasSarma', 'F', '1986-10-21');
INSERT INTO employees (emp_no, birth_date, first_name, last_name, gender, hire_date) VALUES (110725, '1961-03-14', 'Peternela', 'Onuegbe', 'F', '1985-01-01');
INSERT INTO employees (emp_no, birth_date, first_name, last_name, gender, hire_date) VALUES (110765, '1954-05-22', 'Rutger', 'Hofmeyr', 'F', '1989-01-07');
INSERT INTO employees (emp_no, birth_date, first_name, last_name, gender, hire_date) VALUES (110800, '1963-02-07', 'Sanjoy', 'Quadeer', 'F', '1986-08-12');
INSERT INTO employees (emp_no, birth_date, first_name, last_name, gender, hire_date) VALUES (110854, '1960-08-19', 'Dung', 'Pesch', 'M', '1989-06-09');
INSERT INTO employees (emp_no, birth_date, first_name, last_name, gender, hire_date) VALUES (111035, '1962-02-24', 'Przemyslawa', 'Kaelbling', 'M', '1985-01-01');
INSERT INTO employees (emp_no, birth_date, first_name, last_name, gender, hire_date) VALUES (111133, '1955-03-16', 'Hauke', 'Zhang', 'M', '1986-12-30');
INSERT INTO employees (emp_no, birth_date, first_name, last_name, gender, hire_date) VALUES (111400, '1959-11-09', 'Arie', 'Staelin', 'M', '1985-01-01');
INSERT INTO employees (emp_no, birth_date, first_name, last_name, gender, hire_date) VALUES (111534, '1952-06-27', 'Hilary', 'Kambil', 'F', '1988-01-31');
INSERT INTO employees (emp_no, birth_date, first_name, last_name, gender, hire_date) VALUES (111692, '1954-10-05', 'Tonny', 'Butterworth', 'F', '1985-01-01');
INSERT INTO employees (emp_no, birth_date, first_name, last_name, gender, hire_date) VALUES (111784, '1956-06-14', 'Marjo', 'Giarratana', 'F', '1988-02-12');
INSERT INTO employees (emp_no, birth_date, first_name, last_name, gender, hire_date) VALUES (111877, '1962-10-18', 'Xiaobin', 'Spinelli', 'F', '1991-08-17');
INSERT INTO employees (emp_no, birth_date, first_name, last_name, gender, hire_date) VALUES (111939, '1960-03-25', 'Yuchang', 'Weedman', 'M', '1989-07-10');








INSERT INTO departments (dept_no, dept_name) VALUES ('d009', 'Customer Service');
INSERT INTO departments (dept_no, dept_name) VALUES ('d005', 'Development');
INSERT INTO departments (dept_no, dept_name) VALUES ('d002', 'Finance');
INSERT INTO departments (dept_no, dept_name) VALUES ('d003', 'Human Resources');
INSERT INTO departments (dept_no, dept_name) VALUES ('d001', 'Marketing');
INSERT INTO departments (dept_no, dept_name) VALUES ('d004', 'Production');
INSERT INTO departments (dept_no, dept_name) VALUES ('d006', 'Quality Management');
INSERT INTO departments (dept_no, dept_name) VALUES ('d008', 'Research');
INSERT INTO departments (dept_no, dept_name) VALUES ('d007', 'Sales');



INSERT INTO dept_emp (employee_emp_no, department_dept_no, from_date, to_date) VALUES (10001, 'd005', '1986-06-26', '9999-01-01');
INSERT INTO dept_emp (employee_emp_no, department_dept_no, from_date, to_date) VALUES (10002, 'd007', '1996-08-03', '9999-01-01');
INSERT INTO dept_emp (employee_emp_no, department_dept_no, from_date, to_date) VALUES (10003, 'd004', '1995-12-03', '9999-01-01');
INSERT INTO dept_emp (employee_emp_no, department_dept_no, from_date, to_date) VALUES (10004, 'd004', '1986-12-01', '9999-01-01');
INSERT INTO dept_emp (employee_emp_no, department_dept_no, from_date, to_date) VALUES (10005, 'd003', '1989-09-12', '9999-01-01');
INSERT INTO dept_emp (employee_emp_no, department_dept_no, from_date, to_date) VALUES (10006, 'd005', '1990-08-05', '9999-01-01');
INSERT INTO dept_emp (employee_emp_no, department_dept_no, from_date, to_date) VALUES (10007, 'd008', '1989-02-10', '9999-01-01');
INSERT INTO dept_emp (employee_emp_no, department_dept_no, from_date, to_date) VALUES (10008, 'd005', '1998-03-11', '2000-07-31');
INSERT INTO dept_emp (employee_emp_no, department_dept_no, from_date, to_date) VALUES (10009, 'd006', '1985-02-18', '9999-01-01');
INSERT INTO dept_emp (employee_emp_no, department_dept_no, from_date, to_date) VALUES (10010, 'd004', '1996-11-24', '2000-06-26');
INSERT INTO dept_emp (employee_emp_no, department_dept_no, from_date, to_date) VALUES (10010, 'd006', '2000-06-26', '9999-01-01');
INSERT INTO dept_emp (employee_emp_no, department_dept_no, from_date, to_date) VALUES (10011, 'd009', '1990-01-22', '1996-11-09');
INSERT INTO dept_emp (employee_emp_no, department_dept_no, from_date, to_date) VALUES (10012, 'd005', '1992-12-18', '9999-01-01');
INSERT INTO dept_emp (employee_emp_no, department_dept_no, from_date, to_date) VALUES (10013, 'd003', '1985-10-20', '9999-01-01');
INSERT INTO dept_emp (employee_emp_no, department_dept_no, from_date, to_date) VALUES (10014, 'd005', '1993-12-29', '9999-01-01');
INSERT INTO dept_emp (employee_emp_no, department_dept_no, from_date, to_date) VALUES (10015, 'd008', '1992-09-19', '1993-08-22');
INSERT INTO dept_emp (employee_emp_no, department_dept_no, from_date, to_date) VALUES (10016, 'd007', '1998-02-11', '9999-01-01');
INSERT INTO dept_emp (employee_emp_no, department_dept_no, from_date, to_date) VALUES (10017, 'd001', '1993-08-03', '9999-01-01');
INSERT INTO dept_emp (employee_emp_no, department_dept_no, from_date, to_date) VALUES (10018, 'd004', '1992-07-29', '9999-01-01');
INSERT INTO dept_emp (employee_emp_no, department_dept_no, from_date, to_date) VALUES (10018, 'd005', '1987-04-03', '1992-07-29');
INSERT INTO dept_emp (employee_emp_no, department_dept_no, from_date, to_date) VALUES (10019, 'd008', '1999-04-30', '9999-01-01');
INSERT INTO dept_emp (employee_emp_no, department_dept_no, from_date, to_date) VALUES (10020, 'd004', '1997-12-30', '9999-01-01');
INSERT INTO dept_emp (employee_emp_no, department_dept_no, from_date, to_date) VALUES (10021, 'd005', '1988-02-10', '2002-07-15');
INSERT INTO dept_emp (employee_emp_no, department_dept_no, from_date, to_date) VALUES (10022, 'd005', '1999-09-03', '9999-01-01');
INSERT INTO dept_emp (employee_emp_no, department_dept_no, from_date, to_date) VALUES (10023, 'd005', '1999-09-27', '9999-01-01');
INSERT INTO dept_emp (employee_emp_no, department_dept_no, from_date, to_date) VALUES (10024, 'd004', '1998-06-14', '9999-01-01');
INSERT INTO dept_emp (employee_emp_no, department_dept_no, from_date, to_date) VALUES (10025, 'd005', '1987-08-17', '1997-10-15');
INSERT INTO dept_emp (employee_emp_no, department_dept_no, from_date, to_date) VALUES (10026, 'd004', '1995-03-20', '9999-01-01');
INSERT INTO dept_emp (employee_emp_no, department_dept_no, from_date, to_date) VALUES (10027, 'd005', '1995-04-02', '9999-01-01');
INSERT INTO dept_emp (employee_emp_no, department_dept_no, from_date, to_date) VALUES (10028, 'd005', '1991-10-22', '1998-04-06');
INSERT INTO dept_emp (employee_emp_no, department_dept_no, from_date, to_date) VALUES (10029, 'd004', '1991-09-18', '1999-07-08');
INSERT INTO dept_emp (employee_emp_no, department_dept_no, from_date, to_date) VALUES (10029, 'd006', '1999-07-08', '9999-01-01');
INSERT INTO dept_emp (employee_emp_no, department_dept_no, from_date, to_date) VALUES (10030, 'd004', '1994-02-17', '9999-01-01');
INSERT INTO dept_emp (employee_emp_no, department_dept_no, from_date, to_date) VALUES (10031, 'd005', '1991-09-01', '9999-01-01');
INSERT INTO dept_emp (employee_emp_no, department_dept_no, from_date, to_date) VALUES (10032, 'd004', '1990-06-20', '9999-01-01');
INSERT INTO dept_emp (employee_emp_no, department_dept_no, from_date, to_date) VALUES (10033, 'd006', '1987-03-18', '1993-03-24');
INSERT INTO dept_emp (employee_emp_no, department_dept_no, from_date, to_date) VALUES (10034, 'd007', '1995-04-12', '1999-10-31');
INSERT INTO dept_emp (employee_emp_no, department_dept_no, from_date, to_date) VALUES (10035, 'd004', '1988-09-05', '9999-01-01');
INSERT INTO dept_emp (employee_emp_no, department_dept_no, from_date, to_date) VALUES (10036, 'd003', '1992-04-28', '9999-01-01');
INSERT INTO dept_emp (employee_emp_no, department_dept_no, from_date, to_date) VALUES (10037, 'd005', '1990-12-05', '9999-01-01');
INSERT INTO dept_emp (employee_emp_no, department_dept_no, from_date, to_date) VALUES (10038, 'd009', '1989-09-20', '9999-01-01');
INSERT INTO dept_emp (employee_emp_no, department_dept_no, from_date, to_date) VALUES (10039, 'd003', '1988-01-19', '9999-01-01');
INSERT INTO dept_emp (employee_emp_no, department_dept_no, from_date, to_date) VALUES (10040, 'd005', '1993-02-14', '2002-01-22');
INSERT INTO dept_emp (employee_emp_no, department_dept_no, from_date, to_date) VALUES (10040, 'd008', '2002-01-22', '9999-01-01');
INSERT INTO dept_emp (employee_emp_no, department_dept_no, from_date, to_date) VALUES (10041, 'd007', '1989-11-12', '9999-01-01');
INSERT INTO dept_emp (employee_emp_no, department_dept_no, from_date, to_date) VALUES (10042, 'd002', '1993-03-21', '2000-08-10');
INSERT INTO dept_emp (employee_emp_no, department_dept_no, from_date, to_date) VALUES (10043, 'd005', '1990-10-20', '9999-01-01');
INSERT INTO dept_emp (employee_emp_no, department_dept_no, from_date, to_date) VALUES (10044, 'd004', '1994-05-21', '9999-01-01');
INSERT INTO dept_emp (employee_emp_no, department_dept_no, from_date, to_date) VALUES (10045, 'd004', '1996-11-16', '9999-01-01');
INSERT INTO dept_emp (employee_emp_no, department_dept_no, from_date, to_date) VALUES (10046, 'd008', '1992-06-20', '9999-01-01');
INSERT INTO dept_emp (employee_emp_no, department_dept_no, from_date, to_date) VALUES (10047, 'd004', '1989-03-31', '9999-01-01');
INSERT INTO dept_emp (employee_emp_no, department_dept_no, from_date, to_date) VALUES (10048, 'd005', '1985-02-24', '1987-01-27');
INSERT INTO dept_emp (employee_emp_no, department_dept_no, from_date, to_date) VALUES (10049, 'd009', '1992-05-04', '9999-01-01');
INSERT INTO dept_emp (employee_emp_no, department_dept_no, from_date, to_date) VALUES (10050, 'd002', '1990-12-25', '1992-11-05');
INSERT INTO dept_emp (employee_emp_no, department_dept_no, from_date, to_date) VALUES (110022, 'd001', '1985-01-01', '9999-01-01');
INSERT INTO dept_emp (employee_emp_no, department_dept_no, from_date, to_date) VALUES (110039, 'd001', '1986-04-12', '9999-01-01');
INSERT INTO dept_emp (employee_emp_no, department_dept_no, from_date, to_date) VALUES (110085, 'd002', '1985-01-01', '9999-01-01');
INSERT INTO dept_emp (employee_emp_no, department_dept_no, from_date, to_date) VALUES (110114, 'd002', '1985-01-14', '9999-01-01');
INSERT INTO dept_emp (employee_emp_no, department_dept_no, from_date, to_date) VALUES (110183, 'd003', '1985-01-01', '9999-01-01');
INSERT INTO dept_emp (employee_emp_no, department_dept_no, from_date, to_date) VALUES (110228, 'd003', '1985-08-04', '9999-01-01');
INSERT INTO dept_emp (employee_emp_no, department_dept_no, from_date, to_date) VALUES (110303, 'd004', '1985-01-01', '9999-01-01');
INSERT INTO dept_emp (employee_emp_no, department_dept_no, from_date, to_date) VALUES (110344, 'd004', '1985-11-22', '9999-01-01');
INSERT INTO dept_emp (employee_emp_no, department_dept_no, from_date, to_date) VALUES (110386, 'd004', '1988-10-14', '9999-01-01');
INSERT INTO dept_emp (employee_emp_no, department_dept_no, from_date, to_date) VALUES (110420, 'd004', '1992-02-05', '9999-01-01');
INSERT INTO dept_emp (employee_emp_no, department_dept_no, from_date, to_date) VALUES (110511, 'd005', '1985-01-01', '9999-01-01');
INSERT INTO dept_emp (employee_emp_no, department_dept_no, from_date, to_date) VALUES (110567, 'd005', '1986-10-21', '9999-01-01');
INSERT INTO dept_emp (employee_emp_no, department_dept_no, from_date, to_date) VALUES (110725, 'd006', '1985-01-01', '9999-01-01');
INSERT INTO dept_emp (employee_emp_no, department_dept_no, from_date, to_date) VALUES (110765, 'd006', '1989-01-07', '9999-01-01');
INSERT INTO dept_emp (employee_emp_no, department_dept_no, from_date, to_date) VALUES (110800, 'd006', '1986-08-12', '9999-01-01');
INSERT INTO dept_emp (employee_emp_no, department_dept_no, from_date, to_date) VALUES (110854, 'd006', '1989-06-09', '9999-01-01');
INSERT INTO dept_emp (employee_emp_no, department_dept_no, from_date, to_date) VALUES (111035, 'd007', '1985-01-01', '9999-01-01');
INSERT INTO dept_emp (employee_emp_no, department_dept_no, from_date, to_date) VALUES (111133, 'd007', '1986-12-30', '9999-01-01');
INSERT INTO dept_emp (employee_emp_no, department_dept_no, from_date, to_date) VALUES (111400, 'd008', '1985-01-01', '9999-01-01');
INSERT INTO dept_emp (employee_emp_no, department_dept_no, from_date, to_date) VALUES (111534, 'd008', '1988-01-31', '9999-01-01');
INSERT INTO dept_emp (employee_emp_no, department_dept_no, from_date, to_date) VALUES (111692, 'd009', '1985-01-01', '9999-01-01');
INSERT INTO dept_emp (employee_emp_no, department_dept_no, from_date, to_date) VALUES (111784, 'd009', '1988-02-12', '9999-01-01');
INSERT INTO dept_emp (employee_emp_no, department_dept_no, from_date, to_date) VALUES (111877, 'd009', '1991-08-17', '9999-01-01');
INSERT INTO dept_emp (employee_emp_no, department_dept_no, from_date, to_date) VALUES (111939, 'd009', '1989-07-10', '9999-01-01');


INSERT INTO dept_manager (employee_emp_no, department_dept_no, from_date, to_date) VALUES (110022, 'd001', '1985-01-01', '1991-10-01');
INSERT INTO dept_manager (employee_emp_no, department_dept_no, from_date, to_date) VALUES (110039, 'd001', '1991-10-01', '9999-01-01');
INSERT INTO dept_manager (employee_emp_no, department_dept_no, from_date, to_date) VALUES (110085, 'd002', '1985-01-01', '1989-12-17');
INSERT INTO dept_manager (employee_emp_no, department_dept_no, from_date, to_date) VALUES (110114, 'd002', '1989-12-17', '9999-01-01');
INSERT INTO dept_manager (employee_emp_no, department_dept_no, from_date, to_date) VALUES (110183, 'd003', '1985-01-01', '1992-03-21');
INSERT INTO dept_manager (employee_emp_no, department_dept_no, from_date, to_date) VALUES (110228, 'd003', '1992-03-21', '9999-01-01');
INSERT INTO dept_manager (employee_emp_no, department_dept_no, from_date, to_date) VALUES (110303, 'd004', '1985-01-01', '1988-09-09');
INSERT INTO dept_manager (employee_emp_no, department_dept_no, from_date, to_date) VALUES (110344, 'd004', '1988-09-09', '1992-08-02');
INSERT INTO dept_manager (employee_emp_no, department_dept_no, from_date, to_date) VALUES (110386, 'd004', '1992-08-02', '1996-08-30');
INSERT INTO dept_manager (employee_emp_no, department_dept_no, from_date, to_date) VALUES (110420, 'd004', '1996-08-30', '9999-01-01');
INSERT INTO dept_manager (employee_emp_no, department_dept_no, from_date, to_date) VALUES (110511, 'd005', '1985-01-01', '1992-04-25');
INSERT INTO dept_manager (employee_emp_no, department_dept_no, from_date, to_date) VALUES (110567, 'd005', '1992-04-25', '9999-01-01');
INSERT INTO dept_manager (employee_emp_no, department_dept_no, from_date, to_date) VALUES (110725, 'd006', '1985-01-01', '1989-05-06');
INSERT INTO dept_manager (employee_emp_no, department_dept_no, from_date, to_date) VALUES (110765, 'd006', '1989-05-06', '1991-09-12');
INSERT INTO dept_manager (employee_emp_no, department_dept_no, from_date, to_date) VALUES (110800, 'd006', '1991-09-12', '1994-06-28');
INSERT INTO dept_manager (employee_emp_no, department_dept_no, from_date, to_date) VALUES (110854, 'd006', '1994-06-28', '9999-01-01');
INSERT INTO dept_manager (employee_emp_no, department_dept_no, from_date, to_date) VALUES (111035, 'd007', '1985-01-01', '1991-03-07');
INSERT INTO dept_manager (employee_emp_no, department_dept_no, from_date, to_date) VALUES (111133, 'd007', '1991-03-07', '9999-01-01');
INSERT INTO dept_manager (employee_emp_no, department_dept_no, from_date, to_date) VALUES (111400, 'd008', '1985-01-01', '1991-04-08');
INSERT INTO dept_manager (employee_emp_no, department_dept_no, from_date, to_date) VALUES (111534, 'd008', '1991-04-08', '9999-01-01');
INSERT INTO dept_manager (employee_emp_no, department_dept_no, from_date, to_date) VALUES (111692, 'd009', '1985-01-01', '1988-10-17');
INSERT INTO dept_manager (employee_emp_no, department_dept_no, from_date, to_date) VALUES (111784, 'd009', '1988-10-17', '1992-09-08');
INSERT INTO dept_manager (employee_emp_no, department_dept_no, from_date, to_date) VALUES (111877, 'd009', '1992-09-08', '1996-01-03');
INSERT INTO dept_manager (employee_emp_no, department_dept_no, from_date, to_date) VALUES (111939, 'd009', '1996-01-03', '9999-01-01');

